Name,RecordTypeId,Service_Country__c,NumberOfEmployees,Umbrella_Company__c
HO_Test_Parent_001,0121v000000lUxMAAU,DE,5000,false
HO_Test_Parent_002,0121v000000lUxMAAU,DE,3500,false
HO_Test_Parent_003,0121v000000lUxMAAU,DE,8000,false
HO_Test_Parent_004,0121v000000lUxMAAU,DE,2500,false
HO_Test_Parent_005,0121v000000lUxMAAU,DE,6000,false
HO_Test_Parent_006,0121v000000lUxMAAU,DE,4500,false
HO_Test_Parent_007,0121v000000lUxMAAU,DE,7500,false
HO_Test_Parent_008,0121v000000lUxMAAU,DE,3000,false
HO_Test_Parent_009,0121v000000lUxMAAU,DE,5500,false
HO_Test_Parent_010,0121v000000lUxMAAU,DE,4000,false
