Name,RecordTypeId,Service_Country__c,NumberOfEmployees,Umbrella_Company__c,ParentId,Parent_Name_Reference
HO_Test_Account_001,0121v000000lUxMAAU,DE,250,false,{{PARENT_ID}},HO_Test_Parent_001
HO_Test_Account_002,0121v000000lUxMAAU,DE,180,false,{{PARENT_ID}},HO_Test_Parent_001
HO_Test_Account_003,0121v000000lUxMAAU,DE,320,false,{{PARENT_ID}},HO_Test_Parent_001
HO_Test_Account_004,0121v000000lUxMAAU,DE,150,false,{{PARENT_ID}},HO_Test_Parent_001
HO_Test_Account_005,0121v000000lUxMAAU,DE,280,false,{{PARENT_ID}},HO_Test_Parent_002
HO_Test_Account_006,0121v000000lUxMAAU,DE,195,false,{{PARENT_ID}},HO_Test_Parent_002
HO_Test_Account_007,0121v000000lUxMAAU,DE,340,false,{{PARENT_ID}},HO_Test_Parent_002
HO_Test_Account_008,0121v000000lUxMAAU,DE,165,false,{{PARENT_ID}},HO_Test_Parent_002
HO_Test_Account_009,0121v000000lUxMAAU,DE,290,false,{{PARENT_ID}},HO_Test_Parent_003
HO_Test_Account_010,0121v000000lUxMAAU,DE,210,false,{{PARENT_ID}},HO_Test_Parent_003
HO_Test_Account_011,0121v000000lUxMAAU,DE,350,false,{{PARENT_ID}},HO_Test_Parent_003
HO_Test_Account_012,0121v000000lUxMAAU,DE,175,false,{{PARENT_ID}},HO_Test_Parent_003
HO_Test_Account_013,0121v000000lUxMAAU,DE,260,false,{{PARENT_ID}},HO_Test_Parent_004
HO_Test_Account_014,0121v000000lUxMAAU,DE,225,false,{{PARENT_ID}},HO_Test_Parent_004
HO_Test_Account_015,0121v000000lUxMAAU,DE,310,false,{{PARENT_ID}},HO_Test_Parent_004
HO_Test_Account_016,0121v000000lUxMAAU,DE,140,false,{{PARENT_ID}},HO_Test_Parent_004
HO_Test_Account_017,0121v000000lUxMAAU,DE,275,false,{{PARENT_ID}},HO_Test_Parent_005
HO_Test_Account_018,0121v000000lUxMAAU,DE,190,false,{{PARENT_ID}},HO_Test_Parent_005
HO_Test_Account_019,0121v000000lUxMAAU,DE,330,false,{{PARENT_ID}},HO_Test_Parent_005
HO_Test_Account_020,0121v000000lUxMAAU,DE,155,false,{{PARENT_ID}},HO_Test_Parent_005
HO_Test_Account_021,0121v000000lUxMAAU,DE,245,false,{{PARENT_ID}},HO_Test_Parent_006
HO_Test_Account_022,0121v000000lUxMAAU,DE,205,false,{{PARENT_ID}},HO_Test_Parent_006
HO_Test_Account_023,0121v000000lUxMAAU,DE,360,false,{{PARENT_ID}},HO_Test_Parent_006
HO_Test_Account_024,0121v000000lUxMAAU,DE,170,false,{{PARENT_ID}},HO_Test_Parent_006
HO_Test_Account_025,0121v000000lUxMAAU,DE,285,false,{{PARENT_ID}},HO_Test_Parent_007
HO_Test_Account_026,0121v000000lUxMAAU,DE,215,false,{{PARENT_ID}},HO_Test_Parent_007
HO_Test_Account_027,0121v000000lUxMAAU,DE,345,false,{{PARENT_ID}},HO_Test_Parent_007
HO_Test_Account_028,0121v000000lUxMAAU,DE,160,false,{{PARENT_ID}},HO_Test_Parent_007
HO_Test_Account_029,0121v000000lUxMAAU,DE,270,false,{{PARENT_ID}},HO_Test_Parent_008
HO_Test_Account_030,0121v000000lUxMAAU,DE,200,false,{{PARENT_ID}},HO_Test_Parent_008
HO_Test_Account_031,0121v000000lUxMAAU,DE,335,false,{{PARENT_ID}},HO_Test_Parent_008
HO_Test_Account_032,0121v000000lUxMAAU,DE,145,false,{{PARENT_ID}},HO_Test_Parent_008
HO_Test_Account_033,0121v000000lUxMAAU,DE,255,false,{{PARENT_ID}},HO_Test_Parent_009
HO_Test_Account_034,0121v000000lUxMAAU,DE,220,false,{{PARENT_ID}},HO_Test_Parent_009
HO_Test_Account_035,0121v000000lUxMAAU,DE,355,false,{{PARENT_ID}},HO_Test_Parent_009
HO_Test_Account_036,0121v000000lUxMAAU,DE,185,false,{{PARENT_ID}},HO_Test_Parent_009
HO_Test_Account_037,0121v000000lUxMAAU,DE,265,false,{{PARENT_ID}},HO_Test_Parent_010
HO_Test_Account_038,0121v000000lUxMAAU,DE,230,false,{{PARENT_ID}},HO_Test_Parent_010
HO_Test_Account_039,0121v000000lUxMAAU,DE,325,false,{{PARENT_ID}},HO_Test_Parent_010
HO_Test_Account_040,0121v000000lUxMAAU,DE,175,false,{{PARENT_ID}},HO_Test_Parent_010
