Id,Strategical_Key_Contact__c,Key_Contact__c,Account_Name_Reference
{{ACCOUNT_ID}},{{CEO_CONTACT_ID}},{{HR_MANAGER_CONTACT_ID}},HO_Test_Account_001
{{ACCOUNT_ID}},{{CEO_CONTACT_ID}},{{HR_MANAGER_CONTACT_ID}},HO_Test_Account_002
{{ACCOUNT_ID}},{{CEO_CONTACT_ID}},{{HR_MANAGER_CONTACT_ID}},HO_Test_Account_003
{{ACCOUNT_ID}},{{CEO_CONTACT_ID}},{{HR_MANAGER_CONTACT_ID}},HO_Test_Account_004
{{ACCOUNT_ID}},{{CEO_CONTACT_ID}},{{HR_MANAGER_CONTACT_ID}},HO_Test_Account_005
{{ACCOUNT_ID}},{{CEO_CONTACT_ID}},{{HR_MANAGER_CONTACT_ID}},HO_Test_Account_006
{{ACCOUNT_ID}},{{CEO_CONTACT_ID}},{{HR_MANAGER_CONTACT_ID}},HO_Test_Account_007
{{ACCOUNT_ID}},{{CEO_CONTACT_ID}},{{HR_MANAGER_CONTACT_ID}},HO_Test_Account_008
{{ACCOUNT_ID}},{{CEO_CONTACT_ID}},{{HR_MANAGER_CONTACT_ID}},HO_Test_Account_009
{{ACCOUNT_ID}},{{CEO_CONTACT_ID}},{{HR_MANAGER_CONTACT_ID}},HO_Test_Account_010
{{ACCOUNT_ID}},{{CEO_CONTACT_ID}},{{HR_MANAGER_CONTACT_ID}},HO_Test_Account_011
{{ACCOUNT_ID}},{{CEO_CONTACT_ID}},{{HR_MANAGER_CONTACT_ID}},HO_Test_Account_012
{{ACCOUNT_ID}},{{CEO_CONTACT_ID}},{{HR_MANAGER_CONTACT_ID}},HO_Test_Account_013
{{ACCOUNT_ID}},{{CEO_CONTACT_ID}},{{HR_MANAGER_CONTACT_ID}},HO_Test_Account_014
{{ACCOUNT_ID}},{{CEO_CONTACT_ID}},{{HR_MANAGER_CONTACT_ID}},HO_Test_Account_015
{{ACCOUNT_ID}},{{CEO_CONTACT_ID}},{{HR_MANAGER_CONTACT_ID}},HO_Test_Account_016
{{ACCOUNT_ID}},{{CEO_CONTACT_ID}},{{HR_MANAGER_CONTACT_ID}},HO_Test_Account_017
{{ACCOUNT_ID}},{{CEO_CONTACT_ID}},{{HR_MANAGER_CONTACT_ID}},HO_Test_Account_018
{{ACCOUNT_ID}},{{CEO_CONTACT_ID}},{{HR_MANAGER_CONTACT_ID}},HO_Test_Account_019
{{ACCOUNT_ID}},{{CEO_CONTACT_ID}},{{HR_MANAGER_CONTACT_ID}},HO_Test_Account_020
{{ACCOUNT_ID}},{{CEO_CONTACT_ID}},{{HR_MANAGER_CONTACT_ID}},HO_Test_Account_021
{{ACCOUNT_ID}},{{CEO_CONTACT_ID}},{{HR_MANAGER_CONTACT_ID}},HO_Test_Account_022
{{ACCOUNT_ID}},{{CEO_CONTACT_ID}},{{HR_MANAGER_CONTACT_ID}},HO_Test_Account_023
{{ACCOUNT_ID}},{{CEO_CONTACT_ID}},{{HR_MANAGER_CONTACT_ID}},HO_Test_Account_024
{{ACCOUNT_ID}},{{CEO_CONTACT_ID}},{{HR_MANAGER_CONTACT_ID}},HO_Test_Account_025
{{ACCOUNT_ID}},{{CEO_CONTACT_ID}},{{HR_MANAGER_CONTACT_ID}},HO_Test_Account_026
{{ACCOUNT_ID}},{{CEO_CONTACT_ID}},{{HR_MANAGER_CONTACT_ID}},HO_Test_Account_027
{{ACCOUNT_ID}},{{CEO_CONTACT_ID}},{{HR_MANAGER_CONTACT_ID}},HO_Test_Account_028
{{ACCOUNT_ID}},{{CEO_CONTACT_ID}},{{HR_MANAGER_CONTACT_ID}},HO_Test_Account_029
{{ACCOUNT_ID}},{{CEO_CONTACT_ID}},{{HR_MANAGER_CONTACT_ID}},HO_Test_Account_030
{{ACCOUNT_ID}},{{CEO_CONTACT_ID}},{{HR_MANAGER_CONTACT_ID}},HO_Test_Account_031
{{ACCOUNT_ID}},{{CEO_CONTACT_ID}},{{HR_MANAGER_CONTACT_ID}},HO_Test_Account_032
{{ACCOUNT_ID}},{{CEO_CONTACT_ID}},{{HR_MANAGER_CONTACT_ID}},HO_Test_Account_033
{{ACCOUNT_ID}},{{CEO_CONTACT_ID}},{{HR_MANAGER_CONTACT_ID}},HO_Test_Account_034
{{ACCOUNT_ID}},{{CEO_CONTACT_ID}},{{HR_MANAGER_CONTACT_ID}},HO_Test_Account_035
{{ACCOUNT_ID}},{{CEO_CONTACT_ID}},{{HR_MANAGER_CONTACT_ID}},HO_Test_Account_036
{{ACCOUNT_ID}},{{CEO_CONTACT_ID}},{{HR_MANAGER_CONTACT_ID}},HO_Test_Account_037
{{ACCOUNT_ID}},{{CEO_CONTACT_ID}},{{HR_MANAGER_CONTACT_ID}},HO_Test_Account_038
{{ACCOUNT_ID}},{{CEO_CONTACT_ID}},{{HR_MANAGER_CONTACT_ID}},HO_Test_Account_039
{{ACCOUNT_ID}},{{CEO_CONTACT_ID}},{{HR_MANAGER_CONTACT_ID}},HO_Test_Account_040
